{
  "os":  "Linux-6.1.112-1.el9.elrepo.x86_64-x86_64-with-glibc2.34",
  "python":  "3.9.18",
  "startedAt":  "2024-11-10T10:55:33.910929Z",
  "program":  "/zhome/8f/0/147178/DL_project_folder/scripts/scripts/modular_train_test.py",
  "codePath":  "modular_train_test.py",
  "root":  "/zhome/8f/0/147178/DL_project_folder/scripts/scripts",
  "host":  "hpclogin1",
  "username":  "s194142",
  "executable":  "/zhome/8f/0/147178/DL_project_folder/DL_project_env/bin/python",
  "codePathLocal":  "modular_train_test.py",
  "cpu_count":  16,
  "cpu_count_logical":  16,
  "disk":  {
    "/":  {
      "total":  "76817485824",
      "used":  "7051198464"
    }
  },
  "memory":  {
    "total":  "201592315904"
  },
  "cpu":  {
    "count":  16,
    "countLogical":  16
  }
}