{
  "os":  "Linux-6.1.112-1.el9.elrepo.x86_64-x86_64-with-glibc2.34",
  "python":  "3.9.18",
  "startedAt":  "2024-11-11T18:50:58.460441Z",
  "program":  "/zhome/8f/0/147178/DL_project_folder/scripts/scripts/modular_train_test.py",
  "codePath":  "modular_train_test.py",
  "email":  "s194142@dtu.dk",
  "root":  "/zhome/8f/0/147178/DL_project_folder/scripts/scripts",
  "host":  "n-62-20-1",
  "username":  "s194142",
  "executable":  "/zhome/8f/0/147178/DL_project_folder/DL_project_env/bin/python",
  "codePathLocal":  "modular_train_test.py",
  "cpu_count":  24,
  "cpu_count_logical":  24,
  "gpu":  "Tesla V100-PCIE-16GB",
  "gpu_count":  2,
  "disk":  {
    "/":  {
      "total":  "76817485824",
      "used":  "6096556032"
    }
  },
  "memory":  {
    "total":  "201904611328"
  },
  "cpu":  {
    "count":  24,
    "countLogical":  24
  },
  "gpu_nvidia":  [
    {
      "name":  "Tesla V100-PCIE-16GB",
      "memoryTotal":  "17179869184",
      "cudaCores":  5120,
      "architecture":  "Volta"
    },
    {
      "name":  "Tesla V100-PCIE-16GB",
      "memoryTotal":  "17179869184",
      "cudaCores":  5120,
      "architecture":  "Volta"
    }
  ],
  "cudaVersion":  "12.6"
}